<?xml version="1.0" encoding="UTF-8"?>
<project-private xmlns="http://www.netbeans.org/ns/project-private/1">
    <editor-bookmarks xmlns="http://www.netbeans.org/ns/editor-bookmarks/2" lastBookmarkId="0"/>
    <open-files xmlns="http://www.netbeans.org/ns/projectui-open-files/2">
        <group>
            <file>file:/C:/Users/tranb/Desktop/project/lap_trinh_oop/23010370_OOP/src/Controller/LoginController.java</file>
            <file>file:/C:/Users/tranb/Desktop/project/lap_trinh_oop/23010370_OOP/src/View/AddVehicle.java</file>
            <file>file:/C:/Users/tranb/Desktop/project/lap_trinh_oop/23010370_OOP/src/View/VehicleMenu.java</file>
            <file>file:/C:/Users/tranb/Desktop/project/lap_trinh_oop/23010370_OOP/src/View/Menu.java</file>
            <file>file:/C:/Users/tranb/Desktop/project/lap_trinh_oop/23010370_OOP/src/View/Login1.java</file>
            <file>file:/C:/Users/tranb/Desktop/project/lap_trinh_oop/23010370_OOP/src/View/ExamMenu.java</file>
            <file>file:/C:/Users/tranb/Desktop/project/lap_trinh_oop/23010370_OOP/src/View/FixVehicle.java</file>
        </group>
    </open-files>
</project-private>
